Rk,Player,Nation,Pos,Squad,Age,Born,MP,Starts,Min,90s,Gls,Ast,G+A,G-PK,PK,PKatt,CrdY,CrdR,xG,Country,Season
1,Brenden Aaronson,USA,"MF,FW",Leeds United,21,2000,36,28,2372,26.4,1,3,4,1,0,0,2,0,3.9,England Premier League,2022-2023
2,George Abbott,ENG,MF,Tottenham,16,2005,1,0,1,0.0,0,0,0,0,0,0,0,0,0.0,England Premier League,2022-2023
3,Che Adams,SCO,FW,Southampton,26,1996,28,23,1992,22.1,5,3,8,5,0,0,1,0,6.6,England Premier League,2022-2023
4,Tyler Adams,USA,MF,Leeds United,23,1999,24,24,2156,24.0,0,0,0,0,0,0,6,1,0.1,England Premier League,2022-2023
5,Tosin Adarabioyo,ENG,DF,Fulham,24,1997,25,23,2085,23.2,1,0,1,1,0,0,4,0,0.7,England Premier League,2022-2023
6,Nayef Aguerd,MAR,DF,West Ham,26,1996,18,17,1595,17.7,2,0,2,2,0,0,4,0,2.2,England Premier League,2022-2023
7,Naouirou Ahamada,FRA,"MF,FW",Crystal Palace,20,2002,8,0,94,1.0,0,0,0,0,0,0,1,0,0.2,England Premier League,2022-2023
8,Rayan Ait-Nouri,ALG,DF,Wolves,21,2001,21,9,1076,12.0,1,0,1,1,0,0,4,0,0.7,England Premier League,2022-2023
9,Kristoffer Ajer,NOR,DF,Brentford,24,1998,9,9,763,8.5,0,0,0,0,0,0,0,0,0.0,England Premier League,2022-2023
10,Manuel Akanji,SUI,DF,Manchester City,27,1995,29,24,2287,25.4,0,1,1,0,0,0,2,0,1.3,England Premier League,2022-2023
11,Nathan Ake,NED,DF,Manchester City,27,1995,26,22,1873,20.8,1,0,1,1,0,0,2,0,1.6,England Premier League,2022-2023
12,Marc Albrighton,ENG,"FW,MF",Leicester City,32,1989,6,1,237,2.6,1,0,1,1,0,0,0,0,0.3,England Premier League,2022-2023
13,Thiago Alcantara,ESP,MF,Liverpool,31,1991,18,14,1254,13.9,0,0,0,0,0,0,2,0,0.4,England Premier League,2022-2023
14,Carlos Alcaraz,ARG,"MF,FW",Southampton,19,2002,18,13,1029,11.4,4,2,6,4,0,0,3,0,1.9,England Premier League,2022-2023
15,Trent Alexander-Arnold,ENG,DF,Liverpool,23,1998,37,34,2923,32.5,2,9,11,2,0,0,5,0,2.4,England Premier League,2022-2023
16,Alisson,BRA,GK,Liverpool,29,1992,37,37,3330,37.0,0,1,1,0,0,0,1,0,0.0,England Premier League,2022-2023
17,Dele Alli,ENG,MF,Everton,26,1996,2,0,40,0.4,0,0,0,0,0,0,0,0,0.0,England Premier League,2022-2023
18,Miguel Almiron,PAR,FW,Newcastle Utd,28,1994,34,29,2491,27.7,11,2,13,11,0,0,2,0,8.0,England Premier League,2022-2023
19,Julian Alvarez,ARG,"FW,MF",Manchester City,22,2000,31,13,1465,16.3,9,0,9,8,1,1,0,0,7.0,England Premier League,2022-2023
20,Daniel Amartey,GHA,DF,Leicester City,27,1994,20,18,1610,17.9,0,0,0,0,0,0,1,0,1.1,England Premier League,2022-2023
21,Samuel Amo-Ameyaw,ENG,MF,Southampton,16,2006,1,0,4,0.0,0,0,0,0,0,0,0,0,0.0,England Premier League,2022-2023
22,Joachim Andersen,DEN,DF,Crystal Palace,26,1996,32,32,2782,30.9,1,0,1,1,0,0,8,0,1.8,England Premier League,2022-2023
23,Elliot Anderson,SCO,"MF,FW",Newcastle Utd,19,2002,22,3,410,4.6,0,1,1,0,0,0,0,0,1.0,England Premier League,2022-2023
24,Jaidon Anthony,ENG,"MF,FW",Bournemouth,22,1999,30,11,1257,14.0,3,1,4,3,0,0,2,0,2.2,England Premier League,2022-2023
25,Michail Antonio,JAM,FW,West Ham,32,1990,33,21,1829,20.3,5,3,8,5,0,0,2,0,6.6,England Premier League,2022-2023
26,Antony,BRA,FW,Manchester Utd,22,2000,25,23,1802,20.0,4,2,6,4,0,0,5,0,6.6,England Premier League,2022-2023
27,Cameron Archer,ENG,"FW,MF",Aston Villa,21,2001,6,0,49,0.5,0,0,0,0,0,0,0,0,0.0,England Premier League,2022-2023
28,Alphonse Areola,FRA,GK,West Ham,29,1993,5,2,309,3.4,0,0,0,0,0,0,0,0,0.0,England Premier League,2022-2023
29,Joe Aribo,NGA,"MF,FW",Southampton,26,1996,21,13,1224,13.6,2,0,2,2,0,0,2,0,1.5,England Premier League,2022-2023
30,Adam Armstrong,ENG,"FW,MF",Southampton,25,1997,30,14,1335,14.8,2,1,3,2,0,0,2,0,2.1,England Premier League,2022-2023
31,Stuart Armstrong,SCO,"MF,FW",Southampton,30,1992,32,14,1408,15.6,2,1,3,2,0,0,6,0,2.4,England Premier League,2022-2023
32,Kepa Arrizabalaga,ESP,GK,Chelsea,27,1994,29,29,2565,28.5,0,0,0,0,0,0,1,0,0.0,England Premier League,2022-2023
33,Pierre-Emerick Aubameyang,GAB,FW,Chelsea,33,1989,15,5,554,6.2,1,0,1,1,0,0,1,0,1.5,England Premier League,2022-2023
34,Ludwig Augustinsson,SWE,DF,Aston Villa,28,1994,3,1,77,0.9,0,0,0,0,0,0,1,0,0.1,England Premier League,2022-2023
35,Serge Aurier,CIV,DF,Nott'ham Forest,29,1992,24,22,1943,21.6,1,0,1,1,0,0,2,0,0.8,England Premier League,2022-2023
36,Taiwo Awoniyi,NGA,FW,Nott'ham Forest,24,1997,27,17,1404,15.6,10,1,11,10,0,0,2,0,6.6,England Premier League,2022-2023
37,Yasin Ayari,SWE,MF,Brighton,18,2003,3,1,67,0.7,0,0,0,0,0,0,0,0,0.0,England Premier League,2022-2023
38,Andre Ayew,GHA,"FW,MF",Nott'ham Forest,32,1989,13,1,316,3.5,0,0,0,0,0,1,1,0,1.0,England Premier League,2022-2023
39,Jordan Ayew,GHA,"FW,MF",Crystal Palace,30,1991,38,31,2714,30.2,4,3,7,4,0,0,5,0,3.2,England Premier League,2022-2023
40,Luke Ayling,ENG,DF,Leeds United,30,1991,29,22,2054,22.8,2,1,3,2,0,0,3,0,3.2,England Premier League,2022-2023
41,Cesar Azpilicueta,ESP,DF,Chelsea,32,1989,25,16,1527,17.0,0,0,0,0,0,0,3,0,0.4,England Premier League,2022-2023
42,Benoit Badiashile,FRA,DF,Chelsea,21,2001,11,10,905,10.1,1,0,1,1,0,0,2,0,1.2,England Premier League,2022-2023
43,Leon Bailey,JAM,"FW,MF",Aston Villa,24,1997,33,26,1967,21.9,4,4,8,4,0,0,4,0,5.3,England Premier League,2022-2023
44,Stefan Bajcetic,ESP,MF,Liverpool,17,2004,11,6,526,5.8,1,0,1,1,0,0,2,0,0.8,England Premier League,2022-2023
45,Dominic Ballard,ENG,"FW,MF",Southampton,17,2005,2,0,26,0.3,0,0,0,0,0,0,0,0,0.0,England Premier League,2022-2023
46,Patrick Bamford,ENG,FW,Leeds United,28,1993,28,18,1515,16.8,4,2,6,4,0,2,3,0,8.6,England Premier League,2022-2023
47,Shandon Baptiste,GRN,MF,Brentford,24,1998,23,4,618,6.9,0,1,1,0,0,0,3,1,0.4,England Premier League,2022-2023
48,Harvey Barnes,ENG,"FW,MF",Leicester City,24,1997,34,32,2711,30.1,13,1,14,13,0,0,3,0,8.9,England Premier League,2022-2023
49,Gavin Bazunu,IRL,GK,Southampton,20,2002,32,32,2880,32.0,0,0,0,0,0,0,0,0,0.0,England Premier League,2022-2023
50,Mads Bech Sorensen,DEN,"DF,MF",Brentford,23,1999,4,0,21,0.2,0,0,0,0,0,0,0,0,0.0,England Premier League,2022-2023
51,Jan Bednarek,POL,DF,Southampton,26,1996,20,20,1672,18.6,0,0,0,0,0,0,5,0,0.4,England Premier League,2022-2023
52,Jan Bednarek,POL,DF,Aston Villa,26,1996,3,1,100,1.1,0,0,0,0,0,0,0,0,0.0,England Premier League,2022-2023
53,Donny van de Beek,NED,MF,Manchester Utd,25,1997,7,2,167,1.9,0,0,0,0,0,0,0,0,0.1,England Premier League,2022-2023
54,Asmir Begovic,BIH,GK,Everton,35,1987,1,1,90,1.0,0,0,0,0,0,0,0,0,0.0,England Premier League,2022-2023
55,Armel Bella Kotchap,GER,DF,Southampton,20,2001,24,24,1879,20.9,0,2,2,0,0,0,4,0,1.0,England Premier League,2022-2023
56,Said Benrahma,ALG,"FW,MF",West Ham,26,1995,35,22,2069,23.0,6,3,9,2,4,4,0,0,7.0,England Premier League,2022-2023
57,Rodrigo Bentancur,URU,MF,Tottenham,25,1997,18,17,1500,16.7,5,2,7,5,0,0,8,0,2.2,England Premier League,2022-2023
58,Daniel Bentley,ENG,GK,Wolves,29,1993,2,2,180,2.0,0,0,0,0,0,0,0,0,0.0,England Premier League,2022-2023
59,Victor Bernth Kristiansen,DEN,DF,Leicester City,19,2002,12,11,892,9.9,0,1,1,0,0,0,2,0,0.1,England Premier League,2022-2023
60,Owen Bevan,WAL,DF,Bournemouth,18,2003,1,0,9,0.1,0,0,0,0,0,0,0,0,0.0,England Premier League,2022-2023
61,Giulian Biancone,FRA,DF,Nott'ham Forest,22,2000,2,0,17,0.2,0,0,0,0,0,0,0,0,0.0,England Premier League,2022-2023
62,Philip Billing,DEN,"MF,FW",Bournemouth,26,1996,36,34,2764,30.7,7,1,8,7,0,0,5,0,4.9,England Premier League,2022-2023
63,Yves Bissouma,MLI,MF,Tottenham,25,1996,23,10,1010,11.2,0,0,0,0,0,0,6,0,0.2,England Premier League,2022-2023
64,Willy Boly,CIV,DF,Nott'ham Forest,31,1991,11,9,685,7.6,0,1,1,0,0,0,2,0,0.0,England Premier League,2022-2023
65,Sven Botman,NED,DF,Newcastle Utd,22,2000,36,35,3127,34.7,0,0,0,0,0,0,2,0,2.5,England Premier League,2022-2023
66,Jarrod Bowen,ENG,"FW,MF",West Ham,25,1996,38,36,3233,35.9,6,5,11,5,1,2,2,0,8.9,England Premier League,2022-2023
67,James Bree,ENG,DF,Southampton,24,1997,5,4,367,4.1,0,0,0,0,0,0,1,0,0.0,England Premier League,2022-2023
68,Armando Broja,ALB,FW,Chelsea,20,2001,12,2,294,3.3,1,0,1,1,0,0,0,0,0.8,England Premier League,2022-2023
69,David Brooks,WAL,"FW,MF",Bournemouth,25,1997,6,2,173,1.9,0,0,0,0,0,0,1,0,0.3,England Premier League,2022-2023
70,Lewis Brunt,ENG,DF,Leicester City,21,2000,1,0,23,0.3,0,0,0,0,0,0,0,0,0.0,England Premier League,2022-2023
71,Emi Buendia,ARG,"MF,FW",Aston Villa,25,1996,38,27,2412,26.8,5,2,7,5,0,0,0,0,6.3,England Premier League,2022-2023
72,Hugo Bueno,ESP,DF,Wolves,19,2002,21,16,1310,14.6,0,1,1,0,0,0,1,0,0.2,England Premier League,2022-2023
73,Facundo Buonanotte,ARG,"FW,MF",Brighton,17,2004,13,6,565,6.3,1,1,2,1,0,0,2,0,1.4,England Premier League,2022-2023
74,Dan Burn,ENG,DF,Newcastle Utd,30,1992,38,35,3111,34.6,1,0,1,1,0,0,5,0,2.1,England Premier League,2022-2023
75,Cafu,POR,MF,Nott'ham Forest,29,1993,1,0,7,0.1,0,0,0,0,0,0,0,0,0.0,England Premier League,2022-2023
76,Moises Caicedo,ECU,MF,Brighton,20,2001,37,34,3139,34.9,1,1,2,1,0,0,10,0,1.7,England Premier League,2022-2023
77,Tom Cairney,SCO,MF,Fulham,31,1991,33,6,988,11.0,2,0,2,2,0,0,2,0,1.5,England Premier League,2022-2023
78,Duje Caleta-Car,CRO,DF,Southampton,25,1996,13,9,946,10.5,1,0,1,1,0,0,2,0,0.8,England Premier League,2022-2023
79,Dominic Calvert-Lewin,ENG,FW,Everton,25,1997,17,15,1165,12.9,2,1,3,1,1,1,3,0,5.8,England Premier League,2022-2023
80,Chem Campbell,WAL,"FW,MF",Wolves,19,2002,5,0,74,0.8,0,0,0,0,0,0,0,0,0.1,England Premier League,2022-2023
81,Joao Cancelo,POR,DF,Manchester City,28,1994,17,16,1274,14.2,2,1,3,2,0,0,3,1,0.8,England Premier League,2022-2023
82,Thomas Cannon,IRL,FW,Everton,19,2002,2,0,25,0.3,0,0,0,0,0,0,0,0,0.1,England Premier League,2022-2023
83,Sergi Canos,ESP,"FW,DF",Brentford,25,1997,5,0,77,0.9,0,0,0,0,0,0,0,0,0.1,England Premier League,2022-2023
84,Diego Carlos,BRA,DF,Aston Villa,29,1993,3,2,205,2.3,0,0,0,0,0,0,0,0,0.4,England Premier League,2022-2023
85,Fabio Carvalho,POR,"MF,FW",Liverpool,19,2002,13,4,347,3.9,2,0,2,2,0,0,0,0,1.1,England Premier League,2022-2023
86,Casemiro,BRA,MF,Manchester Utd,30,1992,28,24,2124,23.6,4,3,7,4,0,0,7,2,3.4,England Premier League,2022-2023
87,Matty Cash,POL,DF,Aston Villa,24,1997,26,20,1820,20.2,0,1,1,0,0,0,4,0,0.2,England Premier League,2022-2023
88,Timothy Castagne,BEL,DF,Leicester City,26,1995,37,36,3254,36.2,2,3,5,2,0,0,3,0,2.2,England Premier League,2022-2023
89,Jonny Castro,ESP,DF,Wolves,28,1994,18,14,1261,14.0,1,0,1,1,0,0,3,1,0.3,England Premier League,2022-2023
90,Nathaniel Chalobah,ENG,MF,Fulham,27,1994,4,1,12,0.1,0,0,0,0,0,0,0,1,0.1,England Premier League,2022-2023
91,Trevoh Chalobah,ENG,DF,Chelsea,23,1999,25,18,1608,17.9,0,0,0,0,0,0,4,0,0.9,England Premier League,2022-2023
92,Calum Chambers,ENG,"DF,MF",Aston Villa,27,1995,14,2,353,3.9,0,0,0,0,0,0,2,0,0.1,England Premier League,2022-2023
93,Shea Charles,NIR,DF,Manchester City,18,2003,1,0,28,0.3,0,0,0,0,0,0,0,0,0.0,England Premier League,2022-2023
94,Ben Chilwell,ENG,"DF,MF",Chelsea,25,1996,23,15,1408,15.6,2,2,4,2,0,0,3,0,1.4,England Premier League,2022-2023
95,Ryan Christie,SCO,"MF,FW",Bournemouth,27,1995,32,22,1834,20.4,1,1,2,1,0,0,2,0,2.8,England Premier League,2022-2023
96,Carney Chukwuemeka,ENG,"MF,FW",Chelsea,18,2003,14,2,354,3.9,0,0,0,0,0,0,0,0,0.4,England Premier League,2022-2023
97,Bobby Clark,ENG,MF,Liverpool,17,2005,1,0,8,0.1,0,0,0,0,0,0,0,0,0.0,England Premier League,2022-2023
98,Nathaniel Clyne,ENG,DF,Crystal Palace,31,1991,22,19,1640,18.2,0,0,0,0,0,0,3,0,0.0,England Premier League,2022-2023
99,Conor Coady,ENG,DF,Everton,29,1993,24,23,2096,23.3,1,1,2,1,0,0,2,0,0.8,England Premier League,2022-2023
100,Jack Colback,ENG,MF,Nott'ham Forest,32,1989,11,4,497,5.5,0,0,0,0,0,0,0,0,0.0,England Premier League,2022-2023
101,Seamus Coleman,IRL,DF,Everton,33,1988,23,20,1656,18.4,1,0,1,1,0,0,1,0,0.4,England Premier League,2022-2023
102,Nathan Collins,IRL,DF,Wolves,21,2001,26,19,1814,20.2,0,0,0,0,0,0,2,1,0.2,England Premier League,2022-2023
103,Levi Colwill,ENG,DF,Brighton,19,2003,17,13,1220,13.6,0,2,2,0,0,0,1,0,1.4,England Premier League,2022-2023
104,Lewis Cook,ENG,MF,Bournemouth,25,1997,28,18,1720,19.1,0,2,2,0,0,0,4,0,0.2,England Premier League,2022-2023
105,Steve Cook,ENG,DF,Nott'ham Forest,31,1991,12,11,957,10.6,0,0,0,0,0,0,4,0,0.1,England Premier League,2022-2023
106,Liam Cooper,SCO,DF,Leeds United,30,1991,18,16,1426,15.8,1,0,1,1,0,0,5,0,1.0,England Premier League,2022-2023
107,Maxwel Cornet,CIV,FW,West Ham,25,1996,14,2,245,2.7,0,0,0,0,0,0,0,0,1.3,England Premier League,2022-2023
108,Diego Costa,ESP,FW,Wolves,33,1988,23,16,1241,13.8,1,0,1,1,0,0,5,1,3.2,England Premier League,2022-2023
109,Vladimir Coufal,CZE,DF,West Ham,29,1992,27,24,2136,23.7,0,1,1,0,0,0,5,0,0.3,England Premier League,2022-2023
110,Philippe Coutinho,BRA,"MF,FW",Aston Villa,30,1992,20,7,788,8.8,1,0,1,1,0,0,3,0,1.4,England Premier League,2022-2023
111,Conor Coventry,IRL,"MF,FW",West Ham,22,2000,1,0,1,0.0,0,0,0,0,0,0,0,0,0.0,England Premier League,2022-2023
112,Matthew Craig,SCO,MF,Tottenham,19,2003,1,0,14,0.2,0,0,0,0,0,0,0,0,0.0,England Premier League,2022-2023
113,Aaron Cresswell,ENG,DF,West Ham,32,1989,28,24,2235,24.8,0,1,1,0,0,0,3,0,0.3,England Premier League,2022-2023
114,Marc Cucurella,ESP,DF,Chelsea,24,1998,24,21,1671,18.6,0,2,2,0,0,0,4,0,0.4,England Premier League,2022-2023
115,Matheus Cunha,BRA,FW,Wolves,23,1999,17,12,965,10.7,2,0,2,2,0,0,1,0,2.0,England Premier League,2022-2023
116,Patson Daka,ZAM,FW,Leicester City,23,1998,30,13,1187,13.2,4,4,8,4,0,0,2,0,3.5,England Premier League,2022-2023
117,Diogo Dalot,POR,DF,Manchester Utd,23,1999,26,24,2154,23.9,1,2,3,1,0,0,6,0,2.5,England Premier League,2022-2023
118,Mikkel Damsgaard,DEN,"MF,FW",Brentford,22,2000,26,9,988,11.0,0,0,0,0,0,0,4,0,2.6,England Premier League,2022-2023
119,Danilo,BRA,MF,Nott'ham Forest,21,2001,13,12,976,10.8,3,2,5,3,0,0,1,0,1.5,England Premier League,2022-2023
120,Arnaut Danjuma,NED,"FW,MF",Tottenham,25,1997,9,1,169,1.9,1,0,1,1,0,0,0,0,0.8,England Premier League,2022-2023
121,Josh Dasilva,ENG,MF,Brentford,23,1998,36,14,1389,15.4,4,2,6,4,0,0,1,0,1.5,England Premier League,2022-2023
122,David Datro Fofana,CIV,FW,Chelsea,19,2002,3,1,70,0.8,0,0,0,0,0,0,0,0,0.2,England Premier League,2022-2023
123,Ben Davies,WAL,DF,Tottenham,29,1993,31,26,2288,25.4,2,2,4,2,0,0,4,0,1.0,England Premier League,2022-2023
124,Tom Davies,ENG,MF,Everton,24,1998,19,4,538,6.0,0,0,0,0,0,0,3,0,1.2,England Premier League,2022-2023
125,Craig Dawson,ENG,DF,West Ham,32,1990,8,8,720,8.0,0,0,0,0,0,0,2,0,0.5,England Premier League,2022-2023
126,Craig Dawson,ENG,DF,Wolves,32,1990,17,17,1414,15.7,1,0,1,1,0,0,4,0,1.0,England Premier League,2022-2023
127,Kevin De Bruyne,BEL,MF,Manchester City,31,1991,32,28,2417,26.9,7,16,23,7,0,0,1,0,5.6,England Premier League,2022-2023
128,Siriki Dembele,CIV,"FW,MF",Bournemouth,25,1996,6,0,110,1.2,0,0,0,0,0,0,0,0,0.2,England Premier League,2022-2023
129,Leander Dendoncker,BEL,MF,Aston Villa,27,1995,20,7,697,7.7,0,0,0,0,0,0,0,0,0.1,England Premier League,2022-2023
130,Leander Dendoncker,BEL,MF,Wolves,27,1995,4,2,214,2.4,0,0,0,0,0,0,0,0,0.7,England Premier League,2022-2023
131,Emmanuel Dennis,NGA,"FW,MF",Nott'ham Forest,24,1997,19,6,720,8.0,2,2,4,2,0,0,3,0,1.9,England Premier League,2022-2023
132,Halil Dervisoglu,TUR,MF,Brentford,22,1999,1,0,8,0.1,0,0,0,0,0,0,0,0,0.0,England Premier League,2022-2023
133,Kiernan Dewsbury-Hall,ENG,MF,Leicester City,23,1998,31,28,2306,25.6,2,2,4,2,0,0,5,1,2.4,England Premier League,2022-2023
134,Ibrahima Diallo,FRA,MF,Southampton,23,1999,18,11,819,9.1,0,0,0,0,0,0,4,0,0.2,England Premier League,2022-2023
135,Ruben Dias,POR,DF,Manchester City,25,1997,26,22,1998,22.2,0,0,0,0,0,0,3,0,1.3,England Premier League,2022-2023
136,Luis Diaz,COL,FW,Liverpool,25,1997,17,11,996,11.1,4,2,6,4,0,0,2,0,2.5,England Premier League,2022-2023
137,Eric Dier,ENG,DF,Tottenham,28,1994,33,31,2818,31.3,2,1,3,2,0,0,3,0,1.6,England Premier League,2022-2023
138,Lucas Digne,FRA,DF,Aston Villa,29,1993,28,18,1502,16.7,1,0,1,1,0,0,5,0,0.4,England Premier League,2022-2023
139,Issa Diop,FRA,DF,Fulham,25,1997,25,21,2012,22.4,1,0,1,1,0,0,2,0,0.3,England Premier League,2022-2023
140,Moussa Djenepo,MLI,"DF,FW",Southampton,24,1998,16,7,710,7.9,0,2,2,0,0,0,1,0,0.2,England Premier League,2022-2023
141,Ben Doak,SCO,FW,Liverpool,16,2005,2,0,26,0.3,0,0,0,0,0,0,0,0,0.0,England Premier League,2022-2023
142,Matt Doherty,IRL,"DF,MF",Tottenham,30,1992,12,7,667,7.4,1,0,1,1,0,0,0,0,0.8,England Premier League,2022-2023
143,Gabriel Dos Santos,BRA,DF,Arsenal,24,1997,38,38,3409,37.9,3,0,3,3,0,0,5,0,5.1,England Premier League,2022-2023
144,Abdoulaye Doucoure,MLI,MF,Everton,29,1993,25,17,1533,17.0,5,2,7,5,0,0,6,1,2.4,England Premier League,2022-2023
145,Cheick Doucoure,MLI,MF,Crystal Palace,22,2000,34,34,2769,30.8,0,3,3,0,0,0,10,1,1.4,England Premier League,2022-2023
146,Flynn Downes,ENG,MF,West Ham,23,1999,21,7,762,8.5,0,0,0,0,0,0,2,0,0.4,England Premier League,2022-2023
147,Kami Doyle,ENG,MF,Southampton,16,2005,1,0,7,0.1,0,0,0,0,0,0,0,0,0.0,England Premier League,2022-2023
148,Cody Drameh,ENG,DF,Leeds United,20,2001,1,1,69,0.8,0,0,0,0,0,0,0,0,0.0,England Premier League,2022-2023
149,Martin Dubravka,SVK,GK,Newcastle Utd,33,1989,2,1,157,1.7,0,0,0,0,0,0,0,0,0.0,England Premier League,2022-2023
150,Shane Duffy,IRL,"DF,FW",Fulham,30,1992,5,0,20,0.2,0,0,0,0,0,0,0,0,0.2,England Premier League,2022-2023
151,Lewis Dunk,ENG,DF,Brighton,30,1991,36,36,3239,36.0,1,0,1,1,0,0,4,0,1.7,England Premier League,2022-2023
152,Jhon Duran,COL,"FW,MF",Aston Villa,18,2003,12,0,136,1.5,0,0,0,0,0,0,1,0,0.6,England Premier League,2022-2023
153,Malcolm Ebiowei,ENG,"MF,FW",Crystal Palace,18,2003,3,0,34,0.4,0,0,0,0,0,0,0,0,0.0,England Premier League,2022-2023
154,Ederson,BRA,GK,Manchester City,28,1993,35,35,3150,35.0,0,1,1,0,0,0,3,0,0.0,England Premier League,2022-2023
155,Odsonne Edouard,FRA,FW,Crystal Palace,24,1998,35,20,1803,20.0,5,2,7,5,0,0,3,0,4.2,England Premier League,2022-2023
156,Samuel Edozie,ENG,"FW,MF",Southampton,19,2003,17,5,567,6.3,0,0,0,0,0,0,0,0,0.9,England Premier League,2022-2023
157,Anthony Elanga,SWE,FW,Manchester Utd,20,2002,16,5,426,4.7,0,1,1,0,0,0,0,0,0.7,England Premier League,2022-2023
158,Harvey Elliott,ENG,"MF,FW",Liverpool,19,2003,32,18,1613,17.9,1,2,3,1,0,0,2,0,2.1,England Premier League,2022-2023
159,Mohamed Elneny,EGY,MF,Arsenal,30,1992,5,1,113,1.3,0,0,0,0,0,0,0,0,0.0,England Premier League,2022-2023
160,Mohamed Elyounoussi,NOR,"MF,FW",Southampton,27,1994,33,27,2168,24.1,1,1,2,1,0,0,4,0,3.5,England Premier League,2022-2023
161,Emerson,BRA,DF,Tottenham,23,1999,26,20,1735,19.3,2,1,3,2,0,0,2,1,1.7,England Premier League,2022-2023
162,Julio Enciso,PAR,"FW,MF",Brighton,18,2004,20,7,806,9.0,4,2,6,4,0,0,1,0,4.0,England Premier League,2022-2023
163,Christian Eriksen,DEN,MF,Manchester Utd,30,1992,28,25,2048,22.8,1,8,9,1,0,0,3,0,5.0,England Premier League,2022-2023
164,Pervis Estupinan,ECU,DF,Brighton,24,1998,35,31,2675,29.7,1,5,6,1,0,0,4,0,1.7,England Premier League,2022-2023
165,Jonny Evans,NIR,DF,Leicester City,34,1988,13,12,1051,11.7,0,0,0,0,0,0,1,0,0.2,England Premier League,2022-2023
166,Eberechi Eze,ENG,"MF,FW",Crystal Palace,24,1998,38,30,2636,29.3,10,4,14,9,1,1,3,0,7.3,England Premier League,2022-2023
167,Lukasz Fabianski,POL,GK,West Ham,37,1985,36,36,3111,34.6,0,0,0,0,0,0,1,0,0.0,England Premier League,2022-2023
168,Fabinho,BRA,MF,Liverpool,28,1993,36,31,2671,29.7,0,2,2,0,0,0,11,0,0.7,England Premier League,2022-2023
169,Wout Faes,BEL,DF,Leicester City,24,1998,31,31,2786,31.0,1,2,3,1,0,0,6,1,1.2,England Premier League,2022-2023
170,Felipe,BRA,DF,Nott'ham Forest,33,1989,16,15,1418,15.8,0,1,1,0,0,0,4,0,1.2,England Premier League,2022-2023
171,Joao Felix,POR,"FW,MF",Chelsea,22,1999,16,11,941,10.5,4,0,4,4,0,0,1,1,4.9,England Premier League,2022-2023
172,Evan Ferguson,IRL,FW,Brighton,17,2004,19,10,950,10.6,6,2,8,6,0,0,1,0,5.3,England Premier League,2022-2023
173,Bruno Fernandes,POR,"MF,FW",Manchester Utd,27,1994,37,37,3316,36.8,8,8,16,6,2,2,6,0,9.3,England Premier League,2022-2023
174,Enzo Fernandez,ARG,MF,Chelsea,21,2001,18,18,1547,17.2,0,2,2,0,0,0,3,0,0.8,England Premier League,2022-2023
175,Roberto Firmino,BRA,"FW,MF",Liverpool,30,1991,25,13,1213,13.5,11,4,15,11,0,0,0,0,5.5,England Premier League,2022-2023
176,Junior Firpo,ESP,DF,Leeds United,25,1996,19,14,1368,15.2,1,1,2,1,0,0,6,1,0.1,England Premier League,2022-2023
177,Phil Foden,ENG,FW,Manchester City,22,2000,32,22,1842,20.5,11,6,17,11,0,0,1,0,5.9,England Premier League,2022-2023
178,Wesley Fofana,FRA,DF,Leicester City,21,2000,2,2,180,2.0,0,0,0,0,0,0,1,0,0.1,England Premier League,2022-2023
179,Wesley Fofana,FRA,DF,Chelsea,21,2000,15,12,1183,13.1,1,0,1,1,0,0,3,0,0.7,England Premier League,2022-2023
180,Pablo Fornals,ESP,"FW,MF",West Ham,26,1996,32,17,1503,16.7,3,1,4,3,0,0,0,0,2.2,England Premier League,2022-2023
181,Adam Forshaw,ENG,MF,Leeds United,30,1991,12,5,479,5.3,0,0,0,0,0,0,0,0,0.0,England Premier League,2022-2023
182,Fraser Forster,ENG,GK,Tottenham,34,1988,14,13,1215,13.5,0,0,0,0,0,0,1,0,0.0,England Premier League,2022-2023
183,Tyrese Francois,AUS,FW,Fulham,22,2000,1,0,1,0.0,0,0,0,0,0,0,0,0,0.0,England Premier League,2022-2023
184,Ryan Fraser,SCO,FW,Newcastle Utd,28,1994,8,3,313,3.5,0,0,0,0,0,0,1,0,0.3,England Premier League,2022-2023
185,Fred,BRA,MF,Manchester Utd,29,1993,35,12,1249,13.9,2,2,4,2,0,0,6,0,2.0,England Premier League,2022-2023
186,Ryan Fredericks,ENG,DF,Bournemouth,29,1992,12,5,533,5.9,0,0,0,0,0,0,1,0,0.0,England Premier League,2022-2023
187,Remo Freuler,SUI,MF,Nott'ham Forest,30,1992,28,24,2161,24.0,0,0,0,0,0,0,4,0,0.4,England Premier League,2022-2023
188,Cody Gakpo,NED,"FW,MF",Liverpool,23,1999,21,17,1458,16.2,7,2,9,7,0,0,0,0,6.2,England Premier League,2022-2023
189,Conor Gallagher,ENG,MF,Chelsea,22,2000,35,18,1621,18.0,3,1,4,3,0,0,11,1,2.5,England Premier League,2022-2023
190,Idrissa Gana Gueye,SEN,MF,Everton,32,1989,33,32,2577,28.6,0,1,1,0,0,0,7,0,0.7,England Premier League,2022-2023
191,Alejandro Garnacho,ARG,"FW,MF",Manchester Utd,18,2004,19,5,569,6.3,3,2,5,3,0,0,3,0,3.0,England Premier League,2022-2023
192,James Garner,ENG,"MF,DF",Everton,21,2001,16,7,804,8.9,0,1,1,0,0,0,3,0,0.8,England Premier League,2022-2023
193,David de Gea,ESP,GK,Manchester Utd,31,1990,38,38,3420,38.0,0,0,0,0,0,0,0,0,0.0,England Premier League,2022-2023
194,Joe Gelhardt,ENG,FW,Leeds United,20,2002,15,1,212,2.4,0,2,2,0,0,0,1,0,0.8,England Premier League,2022-2023
195,Saman Ghoddos,IRN,"MF,FW",Brentford,28,1993,15,0,139,1.5,0,0,0,0,0,0,0,0,0.0,England Premier League,2022-2023
196,Morgan Gibbs-White,ENG,"FW,MF",Wolves,22,2000,2,2,180,2.0,0,0,0,0,0,0,1,0,0.7,England Premier League,2022-2023
197,Morgan Gibbs-White,ENG,"MF,FW",Nott'ham Forest,22,2000,35,34,2971,33.0,5,8,13,3,2,2,5,0,6.0,England Premier League,2022-2023
198,Bryan Gil,ESP,"MF,FW",Tottenham,21,2001,4,2,148,1.6,0,1,1,0,0,0,1,0,0.1,England Premier League,2022-2023
199,Billy Gilmour,SCO,MF,Brighton,21,2001,14,7,507,5.6,0,1,1,0,0,0,1,0,0.5,England Premier League,2022-2023
200,Degnand Gnonto,ITA,"FW,MF",Leeds United,18,2003,24,14,1354,15.0,2,4,6,2,0,0,7,0,1.8,England Premier League,2022-2023
201,Ben Godfrey,ENG,DF,Everton,24,1998,13,10,802,8.9,0,1,1,0,0,0,2,0,1.2,England Premier League,2022-2023
202,Joao Gomes,BRA,MF,Wolves,21,2001,11,7,653,7.3,1,0,1,1,0,0,5,0,0.3,England Premier League,2022-2023
203,Toti Gomes,POR,DF,Wolves,23,1999,17,10,984,10.9,1,0,1,1,0,0,6,0,0.4,England Premier League,2022-2023
204,Joe Gomez,ENG,DF,Liverpool,25,1997,21,15,1466,16.3,0,0,0,0,0,0,3,0,0.2,England Premier League,2022-2023
205,Sergio Gomez,ESP,"DF,MF",Manchester City,21,2000,12,2,349,3.9,0,1,1,0,0,0,0,0,0.4,England Premier League,2022-2023
206,Anthony Gordon,ENG,"FW,MF",Newcastle Utd,21,2001,16,4,487,5.4,1,0,1,1,0,0,1,0,1.7,England Premier League,2022-2023
207,Anthony Gordon,ENG,FW,Everton,21,2001,16,12,1095,12.2,3,0,3,3,0,0,6,0,3.3,England Premier League,2022-2023
208,Demarai Gray,JAM,"FW,MF",Everton,26,1996,33,27,2507,27.9,4,1,5,2,2,2,3,0,6.2,England Premier League,2022-2023
209,Jack Grealish,ENG,FW,Manchester City,26,1995,28,23,2055,22.8,5,7,12,5,0,0,4,0,4.6,England Premier League,2022-2023
210,Sam Greenwood,ENG,"MF,FW",Leeds United,20,2002,18,3,424,4.7,1,2,3,1,0,0,1,0,0.7,England Premier League,2022-2023
211,Pascal Gross,GER,"MF,DF",Brighton,31,1991,37,37,3239,36.0,9,8,17,9,0,0,6,0,5.4,England Premier League,2022-2023
212,Vicente Guaita,ESP,GK,Crystal Palace,35,1987,27,27,2430,27.0,0,0,0,0,0,0,1,0,0.0,England Premier League,2022-2023
213,Goncalo Guedes,POR,"FW,MF",Wolves,25,1996,13,8,707,7.9,1,1,2,1,0,0,1,0,1.2,England Premier League,2022-2023
214,Marc Guehi,ENG,DF,Crystal Palace,22,2000,37,37,3329,37.0,1,0,1,1,0,0,8,0,1.5,England Premier League,2022-2023
215,Bruno Guimaraes,BRA,MF,Newcastle Utd,24,1997,32,32,2726,30.3,4,5,9,4,0,0,7,0,2.8,England Premier League,2022-2023
216,Ilkay Gundogan,GER,MF,Manchester City,31,1990,31,27,2353,26.1,8,4,12,8,0,1,0,0,7.5,England Premier League,2022-2023
217,Darko Gyabi,ENG,FW,Leeds United,18,2004,1,0,8,0.1,0,0,0,0,0,0,0,0,0.1,England Premier League,2022-2023
218,Erling Haaland,NOR,FW,Manchester City,22,2000,35,33,2769,30.8,36,8,44,29,7,7,5,0,28.4,England Premier League,2022-2023
219,Lewis Hall,ENG,DF,Chelsea,17,2004,9,8,654,7.3,0,0,0,0,0,0,1,0,0.9,England Premier League,2022-2023
220,Luke Harris,WAL,"MF,FW",Fulham,17,2005,3,0,13,0.1,0,0,0,0,0,0,0,0,0.0,England Premier League,2022-2023
221,Jack Harrison,ENG,"FW,MF",Leeds United,25,1996,36,34,2708,30.1,5,7,12,5,0,0,2,0,4.7,England Premier League,2022-2023
222,Kai Havertz,GER,"FW,MF",Chelsea,23,1999,35,30,2569,28.5,7,1,8,6,1,1,5,0,11.6,England Premier League,2022-2023
223,Jan Paul van Hecke,NED,DF,Brighton,22,2000,8,3,295,3.3,0,0,0,0,0,0,2,0,0.6,England Premier League,2022-2023
224,Hwang Hee-chan,KOR,"FW,MF",Wolves,26,1996,27,12,1130,12.6,3,1,4,3,0,0,1,0,2.9,England Premier League,2022-2023
225,Dean Henderson,ENG,GK,Nott'ham Forest,25,1997,18,18,1620,18.0,0,0,0,0,0,0,2,0,0.0,England Premier League,2022-2023
226,Jordan Henderson,ENG,MF,Liverpool,32,1990,35,23,2074,23.0,0,2,2,0,0,0,2,0,1.4,England Premier League,2022-2023
227,Wayne Hennessey,WAL,GK,Nott'ham Forest,35,1987,4,3,271,3.0,0,0,0,0,0,0,0,0,0.0,England Premier League,2022-2023
228,Rico Henry,ENG,DF,Brentford,25,1997,37,37,3238,36.0,0,2,2,0,0,0,4,0,1.6,England Premier League,2022-2023
229,Son Heung-min,KOR,"MF,FW",Tottenham,30,1992,36,33,2888,32.1,10,6,16,10,0,0,2,0,10.1,England Premier League,2022-2023
230,Aaron Hickey,SCO,DF,Brentford,20,2002,26,23,1916,21.3,0,1,1,0,0,0,7,0,0.4,England Premier League,2022-2023
231,Jack Hinshelwood,ENG,FW,Brighton,17,2005,1,0,2,0.0,0,0,0,0,0,0,0,0,0.0,England Premier League,2022-2023
232,Joseph Hodge,IRL,MF,Wolves,19,2002,6,1,175,1.9,0,0,0,0,0,0,1,0,0.3,England Premier League,2022-2023
233,Rob Holding,ENG,DF,Arsenal,26,1995,14,6,566,6.3,1,0,1,1,0,0,0,0,0.3,England Premier League,2022-2023
234,Mason Holgate,ENG,DF,Everton,25,1996,8,5,507,5.6,0,0,0,0,0,0,3,1,1.0,England Premier League,2022-2023
235,Will Hughes,ENG,MF,Crystal Palace,27,1995,27,7,842,9.4,1,1,2,1,0,0,4,0,0.3,England Premier League,2022-2023
236,Omari Hutchinson,ENG,FW,Chelsea,18,2003,1,0,23,0.3,0,0,0,0,0,0,0,0,0.0,England Premier League,2022-2023
237,Pierre Hojbjerg,DEN,MF,Tottenham,26,1995,35,35,3131,34.8,4,5,9,4,0,0,5,0,2.0,England Premier League,2022-2023
238,Kelechi Iheanacho,NGA,"FW,MF",Leicester City,25,1996,28,11,1127,12.5,5,5,10,4,1,1,0,0,7.1,England Premier League,2022-2023
239,Danny Ings,ENG,FW,West Ham,30,1992,17,7,775,8.6,2,2,4,2,0,0,1,0,3.0,England Premier League,2022-2023
240,Danny Ings,ENG,FW,Aston Villa,30,1992,18,8,824,9.2,6,0,6,4,2,2,3,0,5.3,England Premier League,2022-2023
241,Alexander Isak,SWE,FW,Newcastle Utd,22,1999,22,17,1522,16.9,10,1,11,8,2,2,3,0,8.2,England Premier League,2022-2023
242,Daniel Iversen,DEN,GK,Leicester City,25,1997,12,12,1080,12.0,0,0,0,0,0,0,0,0,0.0,England Premier League,2022-2023
243,Alex Iwobi,NGA,"MF,FW",Everton,26,1996,38,38,3378,37.5,2,7,9,2,0,0,2,0,2.5,England Premier League,2022-2023
244,Daniel James,WAL,FW,Leeds United,24,1997,4,2,198,2.2,0,0,0,0,0,0,0,0,0.3,England Premier League,2022-2023
245,Daniel James,WAL,FW,Fulham,24,1997,20,5,621,6.9,2,1,3,2,0,0,0,0,1.7,England Premier League,2022-2023
246,Reece James,ENG,"DF,MF",Chelsea,22,1999,16,14,1244,13.8,1,1,2,1,0,0,4,0,1.0,England Premier League,2022-2023
247,Vitaly Janelt,GER,"MF,DF",Brentford,24,1998,35,24,2208,24.5,3,1,4,3,0,0,3,0,2.4,England Premier League,2022-2023
248,Pontus Jansson,SWE,DF,Brentford,31,1991,12,9,724,8.0,1,0,1,1,0,0,0,0,0.3,England Premier League,2022-2023
249,Mathias Jensen,DEN,MF,Brentford,26,1996,37,37,2803,31.1,5,6,11,5,0,0,5,0,2.2,England Premier League,2022-2023
250,Gabriel Jesus,BRA,FW,Arsenal,25,1997,26,24,2064,22.9,11,6,17,10,1,1,6,0,14.0,England Premier League,2022-2023
251,Raul Jimenez,MEX,FW,Wolves,31,1991,15,8,846,9.4,0,1,1,0,0,0,0,0,2.6,England Premier League,2022-2023
252,Joelinton,BRA,"MF,FW",Newcastle Utd,25,1996,32,30,2661,29.6,6,1,7,6,0,0,12,0,7.1,England Premier League,2022-2023
253,Ben Johnson,ENG,DF,West Ham,22,2000,17,9,866,9.6,0,0,0,0,0,0,0,0,0.1,England Premier League,2022-2023
254,Brennan Johnson,WAL,"FW,MF",Nott'ham Forest,21,2001,38,33,2934,32.6,8,3,11,7,1,3,6,0,8.6,England Premier League,2022-2023
255,Sam Johnstone,ENG,GK,Crystal Palace,29,1993,9,9,810,9.0,0,0,0,0,0,0,1,0,0.0,England Premier League,2022-2023
256,Curtis Jones,ENG,MF,Liverpool,21,2001,18,12,1035,11.5,3,1,4,3,0,0,2,0,1.2,England Premier League,2022-2023
257,Jorginho,ITA,MF,Arsenal,30,1991,14,9,855,9.5,0,1,1,0,0,0,0,0,0.2,England Premier League,2022-2023
258,Jorginho,ITA,MF,Chelsea,30,1991,18,15,1279,14.2,2,0,2,0,2,2,4,0,1.7,England Premier League,2022-2023
259,Mateo Joseph,ENG,"FW,MF",Leeds United,18,2003,3,0,26,0.3,0,0,0,0,0,0,0,0,0.1,England Premier League,2022-2023
260,Diogo Jota,POR,FW,Liverpool,25,1996,22,12,1131,12.6,7,4,11,7,0,0,2,0,6.5,England Premier League,2022-2023
261,Hamed Junior Traore,CIV,"FW,MF",Bournemouth,22,2000,7,5,427,4.7,0,0,0,0,0,0,0,0,0.9,England Premier League,2022-2023
262,James Justin,ENG,DF,Leicester City,24,1998,14,14,1252,13.9,0,0,0,0,0,0,0,0,0.3,England Premier League,2022-2023
263,Mathias Jorgensen,DEN,DF,Brentford,32,1990,18,11,1103,12.3,0,0,0,0,0,0,2,0,0.9,England Premier League,2022-2023
264,Sasa Kalajdzic,AUT,FW,Wolves,25,1997,1,1,45,0.5,0,0,0,0,0,0,0,0,0.3,England Premier League,2022-2023
265,Boubacar Kamara,FRA,MF,Aston Villa,22,1999,24,21,1777,19.7,0,1,1,0,0,0,4,0,0.2,England Premier League,2022-2023
266,Harry Kane,ENG,FW,Tottenham,29,1993,38,38,3405,37.8,30,3,33,25,5,6,6,0,21.5,England Premier League,2022-2023
267,N'Golo Kante,FRA,MF,Chelsea,31,1991,7,6,518,5.8,0,1,1,0,0,0,1,0,0.3,England Premier League,2022-2023
268,Michael Keane,ENG,DF,Everton,29,1993,12,10,985,10.9,1,2,3,1,0,0,0,0,1.3,England Premier League,2022-2023
269,Neeskens Kebano,COD,FW,Fulham,30,1992,17,9,764,8.5,0,3,3,0,0,0,0,0,0.5,England Premier League,2022-2023
270,Thilo Kehrer,GER,DF,West Ham,25,1996,27,25,2230,24.8,0,2,2,0,0,0,4,0,0.5,England Premier League,2022-2023
271,Naby Keita,GUI,MF,Liverpool,27,1995,8,3,293,3.3,0,0,0,0,0,0,1,0,0.6,England Premier League,2022-2023
272,Caoimhin Kelleher,IRL,GK,Liverpool,23,1998,1,1,90,1.0,0,0,0,0,0,0,0,0,0.0,England Premier League,2022-2023
273,Lloyd Kelly,ENG,DF,Bournemouth,23,1998,23,23,2040,22.7,0,2,2,0,0,0,3,0,0.2,England Premier League,2022-2023
274,Max Kilman,ENG,DF,Wolves,25,1997,37,37,3307,36.7,0,0,0,0,0,0,3,0,1.3,England Premier League,2022-2023
275,Jakub Kiwior,POL,DF,Arsenal,22,2000,7,5,427,4.7,1,0,1,1,0,0,0,0,0.1,England Premier League,2022-2023
276,Mateusz Klich,POL,"MF,FW",Leeds United,32,1990,14,0,280,3.1,0,0,0,0,0,0,2,0,0.2,England Premier League,2022-2023
277,Robin Koch,GER,DF,Leeds United,26,1996,36,36,3175,35.3,0,0,0,0,0,0,7,0,1.5,England Premier League,2022-2023
278,Ibrahima Konate,FRA,DF,Liverpool,23,1999,18,17,1552,17.2,0,0,0,0,0,0,5,0,1.2,England Premier League,2022-2023
279,Ezri Konsa,ENG,DF,Aston Villa,24,1997,38,37,3322,36.9,0,0,0,0,0,0,6,0,1.1,England Premier League,2022-2023
280,Kalidou Koulibaly,SEN,DF,Chelsea,31,1991,23,20,1800,20.0,2,1,3,2,0,0,7,1,0.9,England Premier League,2022-2023
281,Cheikhou Kouyate,SEN,MF,Nott'ham Forest,32,1989,21,10,882,9.8,1,0,1,1,0,0,3,0,0.4,England Premier League,2022-2023
282,Mateo Kovacic,CRO,MF,Chelsea,28,1994,27,17,1707,19.0,1,2,3,1,0,0,8,0,1.8,England Premier League,2022-2023
283,Emil Krafth,SWE,DF,Newcastle Utd,27,1994,1,0,1,0.0,0,0,0,0,0,0,0,0,0.0,England Premier League,2022-2023
284,Dejan Kulusevski,SWE,"MF,FW",Tottenham,22,2000,30,23,2067,23.0,2,7,9,2,0,0,2,0,2.6,England Premier League,2022-2023
285,Layvin Kurzawa,FRA,DF,Fulham,29,1992,3,2,135,1.5,0,0,0,0,0,0,1,0,0.0,England Premier League,2022-2023
286,Adam Lallana,ENG,"MF,FW",Brighton,34,1988,16,12,722,8.0,2,1,3,2,0,0,0,0,0.9,England Premier League,2022-2023
287,Tariq Lamptey,GHA,DF,Brighton,21,2000,20,3,453,5.0,0,0,0,0,0,0,1,0,0.2,England Premier League,2022-2023
288,Manuel Lanzini,ARG,"MF,FW",West Ham,29,1993,10,2,252,2.8,1,0,1,1,0,0,0,0,0.5,England Premier League,2022-2023
289,Aymeric Laporte,ESP,DF,Manchester City,28,1994,12,11,993,11.0,0,0,0,0,0,0,0,0,0.5,England Premier League,2022-2023
290,Juan Larios,ESP,DF,Southampton,18,2004,5,2,152,1.7,0,0,0,0,0,0,0,0,0.0,England Premier League,2022-2023
291,Jamaal Lascelles,ENG,DF,Newcastle Utd,28,1993,7,2,218,2.4,0,0,0,0,0,0,4,0,0.1,England Premier League,2022-2023
292,Romeo Lavia,BEL,MF,Southampton,18,2004,29,26,2221,24.7,1,0,1,1,0,0,9,0,0.4,England Premier League,2022-2023
293,Dexter Lembikisa,JAM,DF,Wolves,18,2003,1,0,23,0.3,0,0,0,0,0,0,0,0,0.0,England Premier League,2022-2023
294,Mario Lemina,GAB,MF,Wolves,28,1993,19,17,1299,14.4,0,1,1,0,0,0,4,1,0.3,England Premier League,2022-2023
295,Clement Lenglet,FRA,DF,Tottenham,27,1995,26,24,2019,22.4,0,2,2,0,0,0,4,0,1.0,England Premier League,2022-2023
296,Bernd Leno,GER,GK,Fulham,30,1992,36,36,3240,36.0,0,0,0,0,0,0,3,0,0.0,England Premier League,2022-2023
297,Jefferson Lerma,COL,MF,Bournemouth,27,1994,37,37,3252,36.1,5,0,5,5,0,0,7,0,2.6,England Premier League,2022-2023
298,Jamal Lewis,NIR,"DF,FW",Newcastle Utd,24,1998,2,0,11,0.1,0,0,0,0,0,0,0,0,0.0,England Premier League,2022-2023
299,Rico Lewis,ENG,"DF,MF",Manchester City,17,2004,14,10,903,10.0,0,0,0,0,0,0,1,0,0.2,England Premier League,2022-2023
300,Keane Lewis-Potter,ENG,"FW,MF",Brentford,21,2001,10,3,321,3.6,0,1,1,0,0,0,0,0,0.5,England Premier League,2022-2023
301,Victor Lindelof,SWE,DF,Manchester Utd,28,1994,20,14,1365,15.2,0,0,0,0,0,0,1,0,0.3,England Premier League,2022-2023
302,Jesse Lingard,ENG,"FW,MF",Nott'ham Forest,29,1992,17,12,923,10.3,0,0,0,0,0,0,1,0,1.0,England Premier League,2022-2023
303,Valentino Livramento,ENG,"DF,FW",Southampton,19,2002,2,0,28,0.3,0,0,0,0,0,0,0,0,0.0,England Premier League,2022-2023
304,Diego Llorente,ESP,DF,Leeds United,28,1993,8,7,649,7.2,0,0,0,0,0,0,1,0,0.7,England Premier League,2022-2023
305,Hugo Lloris,FRA,GK,Tottenham,35,1986,25,25,2205,24.5,0,0,0,0,0,0,0,0,0.0,England Premier League,2022-2023
306,Renan Lodi,BRA,DF,Nott'ham Forest,24,1998,28,26,2214,24.6,0,1,1,0,0,0,7,0,1.0,England Premier League,2022-2023
307,Ruben Loftus-Cheek,ENG,"MF,DF",Chelsea,26,1996,25,19,1536,17.1,0,1,1,0,0,0,1,0,0.8,England Premier League,2022-2023
308,Sean Longstaff,ENG,MF,Newcastle Utd,24,1997,33,28,2518,28.0,1,4,5,1,0,0,2,0,3.6,England Premier League,2022-2023
309,Jamal Lowe,JAM,"MF,FW",Bournemouth,28,1994,2,0,12,0.1,0,0,0,0,0,0,0,0,0.0,England Premier League,2022-2023
310,Douglas Luiz,BRA,MF,Aston Villa,24,1998,37,33,2927,32.5,6,6,12,6,0,0,6,1,2.8,England Premier League,2022-2023
311,Sasa Lukic,SRB,MF,Fulham,25,1996,12,4,412,4.6,0,0,0,0,0,0,1,0,0.1,England Premier League,2022-2023
312,Lyanco,BRA,DF,Southampton,25,1997,21,11,1180,13.1,1,1,2,1,0,0,4,0,0.6,England Premier League,2022-2023
313,Alexis Mac Allister,ARG,MF,Brighton,23,1998,35,31,2886,32.1,10,2,12,4,6,6,8,0,12.1,England Premier League,2022-2023
314,James Maddison,ENG,"MF,FW",Leicester City,25,1996,30,28,2480,27.6,10,9,19,9,1,2,10,0,8.7,England Premier League,2022-2023
315,Noni Madueke,ENG,FW,Chelsea,20,2002,12,7,643,7.1,1,0,1,1,0,0,0,0,0.9,England Premier League,2022-2023
316,Harry Maguire,ENG,DF,Manchester Utd,29,1993,16,8,767,8.5,0,0,0,0,0,0,4,0,0.3,England Premier League,2022-2023
317,Riyad Mahrez,ALG,"FW,MF",Manchester City,31,1991,30,22,1920,21.3,5,10,15,4,1,1,2,0,5.6,England Premier League,2022-2023
318,Kobbie Mainoo,ENG,MF,Manchester Utd,17,2005,1,0,11,0.1,0,0,0,0,0,0,0,0,0.0,England Premier League,2022-2023
319,Ainsley Maitland-Niles,ENG,"DF,MF",Southampton,24,1997,22,13,1407,15.6,0,0,0,0,0,0,3,0,0.0,England Premier League,2022-2023
320,Tyrell Malacia,NED,DF,Manchester Utd,22,1999,22,14,1396,15.5,0,0,0,0,0,0,6,0,0.2,England Premier League,2022-2023
321,Orel Mangala,BEL,MF,Nott'ham Forest,24,1998,27,20,1550,17.2,1,1,2,1,0,0,3,0,0.6,England Premier League,2022-2023
322,Javier Manquillo,ESP,DF,Newcastle Utd,28,1994,4,0,37,0.4,0,0,0,0,0,0,0,0,0.0,England Premier League,2022-2023
323,Sekou Mara,FRA,"FW,MF",Southampton,20,2002,22,4,555,6.2,1,2,3,1,0,0,1,0,1.0,England Premier League,2022-2023
324,Solly March,ENG,"FW,DF",Brighton,28,1994,33,31,2715,30.2,7,7,14,7,0,0,2,0,8.1,England Premier League,2022-2023
325,Emiliano Marcondes,DEN,MF,Bournemouth,27,1995,1,0,9,0.1,0,0,0,0,0,0,0,0,0.0,England Premier League,2022-2023
326,Marquinhos,BRA,MF,Arsenal,19,2003,1,0,1,0.0,0,0,0,0,0,0,0,0,0.0,England Premier League,2022-2023
327,Anthony Martial,FRA,FW,Manchester Utd,26,1995,21,11,978,10.9,6,2,8,5,1,1,0,0,6.2,England Premier League,2022-2023
328,Gabriel Martinelli,BRA,FW,Arsenal,21,2001,36,34,2789,31.0,15,5,20,15,0,0,3,0,9.3,England Premier League,2022-2023
329,Emiliano Martinez,ARG,GK,Aston Villa,29,1992,36,36,3139,34.9,0,0,0,0,0,0,7,0,0.0,England Premier League,2022-2023
330,Lisandro Martinez,ARG,DF,Manchester Utd,24,1998,27,24,2114,23.5,1,0,1,1,0,0,6,0,0.5,England Premier League,2022-2023
331,Pape Matar Sarr,SEN,"MF,FW",Tottenham,19,2002,11,2,218,2.4,0,1,1,0,0,0,1,0,0.1,England Premier League,2022-2023
332,Jean-Philippe Mateta,FRA,FW,Crystal Palace,25,1997,29,6,770,8.6,2,0,2,2,0,0,3,0,3.4,England Premier League,2022-2023
333,Joel Matip,CMR,DF,Liverpool,30,1991,14,12,1092,12.1,1,0,1,1,0,0,3,0,0.7,England Premier League,2022-2023
334,Neal Maupay,FRA,FW,Everton,25,1996,27,11,1118,12.4,1,0,1,1,0,0,4,0,4.8,England Premier League,2022-2023
335,Kevin Mbabu,SUI,"DF,FW",Fulham,27,1995,6,1,144,1.6,0,1,1,0,0,0,1,0,0.0,England Premier League,2022-2023
336,Bryan Mbeumo,CMR,FW,Brentford,22,1999,38,36,2906,32.3,9,8,17,8,1,1,5,0,9.8,England Premier League,2022-2023
337,James McArthur,SCO,MF,Crystal Palace,34,1987,4,0,54,0.6,0,0,0,0,0,0,0,0,0.0,England Premier League,2022-2023
338,Alex McCarthy,ENG,GK,Southampton,32,1989,6,6,540,6.0,0,0,0,0,0,0,0,0,0.0,England Premier League,2022-2023
339,John McGinn,SCO,"MF,FW",Aston Villa,27,1994,34,30,2693,29.9,1,3,4,1,0,0,7,0,2.4,England Premier League,2022-2023
340,Scott McKenna,SCO,DF,Nott'ham Forest,25,1996,20,19,1571,17.5,0,0,0,0,0,0,4,0,0.1,England Premier League,2022-2023
341,Weston McKennie,USA,MF,Leeds United,23,1998,19,16,1437,16.0,0,1,1,0,0,0,7,0,0.8,England Premier League,2022-2023
342,Dwight McNeil,ENG,"FW,MF",Everton,22,1999,36,28,2498,27.8,7,3,10,7,0,0,5,0,3.5,England Premier League,2022-2023
343,Scott McTominay,SCO,MF,Manchester Utd,25,1996,24,10,1160,12.9,1,0,1,1,0,0,8,0,1.9,England Premier League,2022-2023
344,Ben Mee,ENG,DF,Brentford,32,1989,37,37,3269,36.3,3,1,4,3,0,0,2,0,3.2,England Premier League,2022-2023
345,Edouard Mendy,SEN,GK,Chelsea,30,1992,10,9,855,9.5,0,0,0,0,0,0,1,0,0.0,England Premier League,2022-2023
346,Nampalys Mendy,SEN,MF,Leicester City,30,1992,19,7,757,8.4,1,0,1,1,0,0,1,0,0.1,England Premier League,2022-2023
347,Chris Mepham,WAL,DF,Bournemouth,24,1997,26,24,2199,24.4,0,0,0,0,0,0,7,0,0.7,England Premier League,2022-2023
348,Illan Meslier,FRA,GK,Leeds United,22,2000,34,34,3060,34.0,0,0,0,0,0,0,3,0,0.1,England Premier League,2022-2023
349,Alex Mighten,ENG,FW,Nott'ham Forest,20,2002,1,0,8,0.1,0,0,0,0,0,0,0,0,0.0,England Premier League,2022-2023
350,Lewis Miley,ENG,MF,Newcastle Utd,16,2006,1,0,15,0.2,0,0,0,0,0,0,0,0,0.1,England Premier League,2022-2023
351,Luka Milivojevic,SRB,MF,Crystal Palace,31,1991,18,5,512,5.7,0,0,0,0,0,0,2,0,0.3,England Premier League,2022-2023
352,James Milner,ENG,"MF,DF",Liverpool,36,1986,31,7,913,10.1,0,1,1,0,0,0,2,0,0.4,England Premier League,2022-2023
353,Yerry Mina,COL,DF,Everton,27,1994,7,7,594,6.6,2,0,2,2,0,0,2,0,1.5,England Premier League,2022-2023
354,Tyrone Mings,ENG,DF,Aston Villa,29,1993,35,35,3150,35.0,1,2,3,1,0,0,7,0,1.2,England Premier League,2022-2023
355,Tyrick Mitchell,ENG,DF,Crystal Palace,22,1999,36,34,2891,32.1,0,2,2,0,0,0,5,1,0.6,England Premier League,2022-2023
356,Kaoru Mitoma,JPN,"FW,MF",Brighton,25,1997,33,24,2318,25.8,7,5,12,7,0,0,0,0,8.1,England Premier League,2022-2023
357,Aleksandar Mitrovic,SRB,FW,Fulham,27,1994,24,23,2008,22.3,14,1,15,10,4,8,7,0,14.9,England Premier League,2022-2023
358,Kieffer Moore,WAL,FW,Bournemouth,29,1992,27,12,1279,14.2,4,0,4,4,0,0,1,0,4.4,England Premier League,2022-2023
359,Andrew Moran,IRL,FW,Brighton,18,2003,1,0,12,0.1,0,0,0,0,0,0,0,0,0.0,England Premier League,2022-2023
360,Alex Moreno,ESP,DF,Aston Villa,29,1993,19,14,1329,14.8,0,3,3,0,0,0,3,0,0.6,England Premier League,2022-2023
361,Mason Mount,ENG,"MF,FW",Chelsea,23,1999,24,20,1648,18.3,3,2,5,3,0,0,4,0,2.0,England Premier League,2022-2023
362,Lucas Moura,BRA,"MF,DF",Tottenham,29,1992,15,0,153,1.7,1,0,1,1,0,0,0,1,0.5,England Premier League,2022-2023
363,Joao Moutinho,POR,MF,Wolves,35,1986,31,20,1780,19.8,0,2,2,0,0,0,3,0,1.3,England Premier League,2022-2023
364,Divin Mubama,ENG,FW,West Ham,17,2004,3,0,38,0.4,0,0,0,0,0,0,0,0,0.0,England Premier League,2022-2023
365,Mykhailo Mudryk,UKR,"FW,MF",Chelsea,21,2001,15,7,657,7.3,0,2,2,0,0,0,1,0,1.9,England Premier League,2022-2023
366,Jacob Murphy,ENG,FW,Newcastle Utd,27,1995,36,14,1251,13.9,4,2,6,4,0,0,0,0,3.3,England Premier League,2022-2023
367,Enock Mwepu,ZAM,"FW,MF",Brighton,24,1998,6,2,213,2.4,0,1,1,0,0,0,0,0,0.2,England Premier League,2022-2023
368,Vitaliy Mykolenko,UKR,DF,Everton,23,1999,34,30,2655,29.5,0,0,0,0,0,0,4,0,0.5,England Premier League,2022-2023
369,Keylor Navas,CRC,GK,Nott'ham Forest,35,1986,17,17,1529,17.0,0,0,0,0,0,0,2,0,0.0,England Premier League,2022-2023
370,Wilfred Ndidi,NGA,MF,Leicester City,25,1996,27,19,1679,18.7,0,0,0,0,0,0,4,0,0.2,England Premier League,2022-2023
371,Reiss Nelson,ENG,FW,Arsenal,22,1999,11,0,212,2.4,3,2,5,3,0,0,0,0,1.1,England Premier League,2022-2023
372,Neto,BRA,GK,Bournemouth,33,1989,27,27,2385,26.5,0,0,0,0,0,0,4,0,0.0,England Premier League,2022-2023
373,Pedro Neto,POR,"FW,MF",Wolves,22,2000,18,13,964,10.7,0,0,0,0,0,0,1,0,1.1,England Premier League,2022-2023
374,Ruben Neves,POR,MF,Wolves,25,1997,35,33,3019,33.5,6,1,7,3,3,3,12,0,5.2,England Premier League,2022-2023
375,Moussa Niakhate,SEN,DF,Nott'ham Forest,26,1996,14,14,1163,12.9,0,0,0,0,0,0,1,0,0.6,England Premier League,2022-2023
376,Rasmus Nissen,DEN,DF,Leeds United,25,1997,26,21,1960,21.8,3,1,4,3,0,0,4,0,0.8,England Premier League,2022-2023
377,Eddie Nketiah,ENG,FW,Arsenal,23,1999,30,9,1089,12.1,4,1,5,4,0,0,3,0,8.2,England Premier League,2022-2023
378,Matheus Nunes,POR,MF,Wolves,23,1998,34,30,2467,27.4,1,1,2,1,0,0,2,1,2.4,England Premier League,2022-2023
379,Darwin Nunez,URU,FW,Liverpool,23,1999,29,19,1695,18.8,9,3,12,9,0,0,1,1,12.1,England Premier League,2022-2023
380,Ethan Nwaneri,ENG,FW,Arsenal,15,2007,1,0,1,0.0,0,0,0,0,0,0,0,0,0.0,England Premier League,2022-2023
381,Christian Norgaard,DEN,MF,Brentford,28,1994,22,21,1763,19.6,1,3,4,1,0,0,6,0,1.6,England Premier League,2022-2023
382,Lewis O'Brien,ENG,MF,Nott'ham Forest,23,1998,13,6,584,6.5,1,0,1,1,0,0,2,0,0.3,England Premier League,2022-2023
383,Odeluga Offiah,ENG,DF,Brighton,19,2002,2,0,25,0.3,0,0,0,0,0,0,0,0,0.0,England Premier League,2022-2023
384,Angelo Ogbonna,ITA,DF,West Ham,34,1988,16,13,1237,13.7,0,0,0,0,0,0,0,0,0.3,England Premier League,2022-2023
385,Michael Olise,FRA,"FW,MF",Crystal Palace,20,2001,37,31,2749,30.5,2,11,13,2,0,0,2,0,2.9,England Premier League,2022-2023
386,Robin Olsen,SWE,GK,Aston Villa,32,1990,4,2,281,3.1,0,0,0,0,0,0,0,0,0.0,England Premier League,2022-2023
387,Amadou Onana,BEL,MF,Everton,20,2001,33,29,2488,27.6,1,2,3,1,0,0,9,0,3.0,England Premier League,2022-2023
388,Josh Onomah,ENG,MF,Fulham,25,1997,2,0,15,0.2,0,0,0,0,0,0,0,0,0.0,England Premier League,2022-2023
389,Paul Onuachu,NGA,FW,Southampton,28,1994,11,4,407,4.5,0,0,0,0,0,0,0,0,1.3,England Premier League,2022-2023
390,Frank Onyeka,NGA,MF,Brentford,24,1998,21,8,848,9.4,0,2,2,0,0,0,0,0,1.0,England Premier League,2022-2023
391,Mislav Orsic,CRO,MF,Southampton,29,1992,1,0,7,0.1,0,0,0,0,0,0,0,0,0.0,England Premier League,2022-2023
392,Stefan Ortega,GER,GK,Manchester City,29,1992,3,3,270,3.0,0,0,0,0,0,0,0,0,0.0,England Premier League,2022-2023
393,Dango Ouattara,BFA,"MF,FW",Bournemouth,20,2002,19,15,1241,13.8,1,3,4,1,0,0,1,0,3.6,England Premier League,2022-2023
394,Alex Oxlade-Chamberlain,ENG,"FW,MF",Liverpool,28,1993,9,4,335,3.7,1,0,1,1,0,0,0,0,1.3,England Premier League,2022-2023
395,David Ozoh,ENG,FW,Crystal Palace,17,2005,1,0,1,0.0,0,0,0,0,0,0,0,0,0.0,England Premier League,2022-2023
396,Joao Palhinha,POR,MF,Fulham,27,1995,35,35,3108,34.5,3,0,3,3,0,0,14,0,2.9,England Premier League,2022-2023
397,Cole Palmer,ENG,"MF,FW",Manchester City,20,2002,14,2,370,4.1,0,1,1,0,0,0,1,0,1.2,England Premier League,2022-2023
398,Emerson Palmieri,ITA,DF,West Ham,27,1994,22,16,1320,14.7,1,0,1,1,0,0,2,0,0.8,England Premier League,2022-2023
399,Lucas Paqueta,BRA,MF,West Ham,24,1997,28,27,2151,23.9,4,3,7,3,1,1,5,0,4.4,England Premier League,2022-2023
400,Thomas Partey,GHA,MF,Arsenal,29,1993,33,28,2483,27.6,3,0,3,3,0,0,5,0,2.2,England Premier League,2022-2023
401,Nathan Patterson,SCO,"DF,MF",Everton,20,2001,19,14,1279,14.2,0,0,0,0,0,0,3,0,0.5,England Premier League,2022-2023
402,Ben Pearson,ENG,MF,Bournemouth,27,1995,7,3,286,3.2,0,0,0,0,0,0,1,0,0.0,England Premier League,2022-2023
403,Facundo Pellistri,URU,"FW,MF",Manchester Utd,20,2001,4,0,64,0.7,0,0,0,0,0,0,0,0,0.0,England Premier League,2022-2023
404,Andreas Pereira,BRA,MF,Fulham,26,1996,33,33,2692,29.9,4,6,10,3,1,1,8,0,7.3,England Premier League,2022-2023
405,Ricardo Pereira,POR,"DF,MF",Leicester City,28,1993,10,5,454,5.0,1,1,2,1,0,0,2,0,0.1,England Premier League,2022-2023
406,Ayoze Perez,ESP,"MF,FW",Leicester City,29,1993,8,3,382,4.2,0,1,1,0,0,0,0,0,1.1,England Premier League,2022-2023
407,Ivan Perisic,CRO,"DF,MF",Tottenham,33,1989,34,23,2108,23.4,1,8,9,1,0,0,6,0,2.6,England Premier League,2022-2023
408,Romain Perraud,FRA,DF,Southampton,24,1997,29,22,1835,20.4,2,2,4,2,0,0,4,0,1.3,England Premier League,2022-2023
409,Maximo Perrone,ARG,MF,Manchester City,19,2003,1,0,19,0.2,0,0,0,0,0,0,0,0,0.0,England Premier League,2022-2023
410,Cameron Peupion,AUS,MF,Brighton,19,2002,1,0,6,0.1,0,0,0,0,0,0,0,0,0.1,England Premier League,2022-2023
411,Kalvin Phillips,ENG,MF,Manchester City,26,1995,12,2,300,3.3,0,0,0,0,0,0,1,0,0.3,England Premier League,2022-2023
412,Nathaniel Phillips,ENG,DF,Liverpool,25,1997,2,1,66,0.7,0,0,0,0,0,0,0,0,0.0,England Premier League,2022-2023
413,Jordan Pickford,ENG,GK,Everton,28,1994,37,37,3330,37.0,0,1,1,0,0,0,6,0,0.0,England Premier League,2022-2023
414,Ethan Pinnock,JAM,DF,Brentford,29,1993,30,30,2700,30.0,3,0,3,3,0,0,0,0,3.0,England Premier League,2022-2023
415,Daniel Podence,POR,"FW,MF",Wolves,26,1995,32,20,1771,19.7,6,0,6,6,0,0,5,0,3.9,England Premier League,2022-2023
416,Nick Pope,ENG,GK,Newcastle Utd,30,1992,37,37,3261,36.2,0,0,0,0,0,0,3,1,0.0,England Premier League,2022-2023
417,Pedro Porro,ESP,"DF,MF",Tottenham,22,1999,15,13,1131,12.6,3,3,6,3,0,0,0,0,1.8,England Premier League,2022-2023
418,Dennis Praet,BEL,"MF,FW",Leicester City,28,1994,22,6,649,7.2,1,0,1,1,0,0,1,0,1.0,England Premier League,2022-2023
419,Isaac Price,NIR,MF,Everton,18,2003,1,0,33,0.4,0,0,0,0,0,0,1,0,0.0,England Premier League,2022-2023
420,Christian Pulisic,USA,"FW,DF",Chelsea,23,1998,24,8,821,9.1,1,1,2,1,0,0,1,0,1.7,England Premier League,2022-2023
421,Aaron Ramsdale,ENG,GK,Arsenal,24,1998,38,38,3420,38.0,0,0,0,0,0,0,1,0,0.0,England Premier League,2022-2023
422,Jacob Ramsey,ENG,"MF,FW",Aston Villa,21,2001,35,31,2636,29.3,6,7,13,6,0,0,5,0,5.0,England Premier League,2022-2023
423,Marcus Rashford,ENG,FW,Manchester Utd,24,1997,35,32,2879,32.0,17,5,22,17,0,0,2,0,15.4,England Premier League,2022-2023
424,David Raya,ESP,GK,Brentford,26,1995,38,38,3420,38.0,0,0,0,0,0,0,1,0,0.1,England Premier League,2022-2023
425,Tim Ream,USA,DF,Fulham,34,1987,33,33,2897,32.2,1,0,1,1,0,0,2,0,0.3,England Premier League,2022-2023
426,Nathan Redmond,ENG,DF,Southampton,28,1994,1,0,1,0.0,0,0,0,0,0,0,0,0,0.0,England Premier League,2022-2023
427,Harrison Reed,ENG,MF,Fulham,27,1995,37,35,2866,31.8,3,4,7,3,0,0,5,0,1.9,England Premier League,2022-2023
428,Bobby Reid,JAM,"FW,DF",Fulham,29,1993,36,29,2475,27.5,4,1,5,4,0,0,8,0,3.9,England Premier League,2022-2023
429,Declan Rice,ENG,MF,West Ham,23,1999,37,36,3273,36.4,4,1,5,4,0,1,5,0,2.4,England Premier League,2022-2023
430,Chris Richards,USA,DF,Crystal Palace,22,2000,9,4,447,5.0,0,0,0,0,0,0,0,0,0.7,England Premier League,2022-2023
431,Richarlison,BRA,"MF,FW",Tottenham,25,1997,27,12,1010,11.2,1,3,4,1,0,0,3,0,3.3,England Premier League,2022-2023
432,Jairo Riedewald,NED,"DF,MF",Crystal Palace,25,1996,6,0,64,0.7,0,0,0,0,0,0,0,0,0.1,England Premier League,2022-2023
433,Matt Ritchie,SCO,"FW,MF",Newcastle Utd,32,1989,7,0,39,0.4,0,0,0,0,0,0,0,0,0.0,England Premier League,2022-2023
434,Andrew Robertson,SCO,DF,Liverpool,28,1994,34,29,2583,28.7,0,8,8,0,0,0,3,0,1.3,England Premier League,2022-2023
435,Antonee Robinson,USA,DF,Fulham,24,1997,35,35,3088,34.3,0,1,1,0,0,0,8,0,0.1,England Premier League,2022-2023
436,Joel Robles,ESP,GK,Leeds United,32,1990,4,4,360,4.0,0,0,0,0,0,0,1,0,0.0,England Premier League,2022-2023
437,Marc Roca,ESP,MF,Leeds United,25,1996,32,29,2315,25.7,1,2,3,1,0,0,7,0,2.1,England Premier League,2022-2023
438,Marek Rodak,SVK,GK,Fulham,25,1996,2,2,180,2.0,0,0,0,0,0,0,0,0,0.0,England Premier League,2022-2023
439,Rodri,ESP,MF,Manchester City,26,1996,36,34,2911,32.3,2,6,8,2,0,0,5,0,4.6,England Premier League,2022-2023
440,Rodrigo,ESP,"FW,MF",Leeds United,31,1991,31,23,1935,21.5,13,1,14,12,1,1,6,0,8.1,England Premier League,2022-2023
441,Mads Roerslev,DEN,DF,Brentford,23,1999,20,12,1108,12.3,0,0,0,0,0,0,0,0,0.3,England Premier League,2022-2023
442,Cristian Romero,ARG,DF,Tottenham,24,1998,27,26,2364,26.3,0,1,1,0,0,0,11,1,1.5,England Premier League,2022-2023
443,Oriol Romeu,ESP,MF,Southampton,30,1991,1,1,74,0.8,0,0,0,0,0,0,0,0,0.0,England Premier League,2022-2023
444,Cristiano Ronaldo,POR,FW,Manchester Utd,37,1985,10,4,525,5.8,1,0,1,1,0,0,2,0,1.9,England Premier League,2022-2023
445,Connor Ronan,IRL,MF,Wolves,24,1998,1,0,1,0.0,0,0,0,0,0,0,0,0,0.0,England Premier League,2022-2023
446,Salomon Rondon,VEN,FW,Everton,32,1989,7,1,109,1.2,0,0,0,0,0,0,0,0,0.8,England Premier League,2022-2023
447,Joe Rothwell,ENG,MF,Bournemouth,27,1995,20,12,1016,11.3,0,1,1,0,0,0,1,0,0.2,England Premier League,2022-2023
448,Georginio Rutter,FRA,"FW,MF",Leeds United,20,2002,11,1,273,3.0,0,1,1,0,0,0,0,0,0.4,England Premier League,2022-2023
449,Jose Sa,POR,GK,Wolves,29,1993,36,36,3240,36.0,0,0,0,0,0,0,2,0,0.0,England Premier League,2022-2023
450,Marcel Sabitzer,AUT,MF,Manchester Utd,28,1994,11,7,627,7.0,0,1,1,0,0,0,1,0,0.7,England Premier League,2022-2023
451,Allan Saint-Maximin,FRA,FW,Newcastle Utd,25,1997,25,12,1120,12.4,1,5,6,1,0,0,1,0,1.6,England Premier League,2022-2023
452,Bukayo Saka,ENG,FW,Arsenal,20,2001,38,37,3181,35.3,14,11,25,12,2,3,6,0,11.2,England Premier League,2022-2023
453,Mohamed Salah,EGY,FW,Liverpool,30,1992,38,37,3290,36.6,19,12,31,17,2,4,2,0,21.7,England Premier League,2022-2023
454,William Saliba,FRA,DF,Arsenal,21,2001,27,27,2415,26.8,2,1,3,2,0,0,4,0,0.9,England Premier League,2022-2023
455,Mohammed Salisu,GHA,DF,Southampton,23,1999,22,21,1973,21.9,0,1,1,0,0,0,5,0,1.5,England Premier League,2022-2023
456,Albert Sambi Lokonga,BEL,MF,Arsenal,22,1999,6,2,198,2.2,0,0,0,0,0,0,0,0,0.0,England Premier League,2022-2023
457,Albert Sambi Lokonga,BEL,MF,Crystal Palace,22,1999,9,6,536,6.0,0,0,0,0,0,0,2,0,0.2,England Premier League,2022-2023
458,Davinson Sanchez,COL,DF,Tottenham,26,1996,18,8,858,9.5,0,0,0,0,0,0,1,0,0.6,England Premier League,2022-2023
459,Robert Sanchez,ESP,GK,Brighton,24,1997,23,23,2070,23.0,0,0,0,0,0,0,2,0,0.0,England Premier League,2022-2023
460,Jadon Sancho,ENG,"FW,MF",Manchester Utd,22,2000,26,21,1686,18.7,6,3,9,6,0,0,0,0,4.2,England Premier League,2022-2023
461,Morgan Sanson,FRA,MF,Aston Villa,27,1994,2,0,11,0.1,0,0,0,0,0,0,0,0,0.0,England Premier League,2022-2023
462,Pablo Sarabia,ESP,"FW,MF",Wolves,30,1992,13,9,765,8.5,1,0,1,1,0,0,3,0,3.1,England Premier League,2022-2023
463,Jeremy Sarmiento,ECU,MF,Brighton,20,2002,9,1,176,2.0,0,1,1,0,0,0,1,0,0.3,England Premier League,2022-2023
464,Gianluca Scamacca,ITA,FW,West Ham,23,1999,16,11,926,10.3,3,0,3,3,0,0,3,0,2.5,England Premier League,2022-2023
465,Gustavo Scarpa,BRA,"MF,FW",Nott'ham Forest,28,1994,6,2,181,2.0,0,0,0,0,0,0,1,0,0.3,England Premier League,2022-2023
466,Kevin Schade,GER,FW,Brentford,20,2001,18,7,732,8.1,0,1,1,0,0,0,2,0,2.1,England Premier League,2022-2023
467,Fabian Schar,SUI,DF,Newcastle Utd,30,1991,36,36,3206,35.6,1,3,4,1,0,0,7,0,4.9,England Premier League,2022-2023
468,Jeffrey Schlupp,GHA,"MF,FW",Crystal Palace,29,1992,34,30,2531,28.1,3,1,4,3,0,0,7,0,3.2,England Premier League,2022-2023
469,Nelson Semedo,POR,DF,Wolves,28,1993,36,31,2632,29.2,0,1,1,0,0,0,11,1,0.4,England Premier League,2022-2023
470,Antoine Semenyo,GHA,"FW,MF",Bournemouth,22,2000,11,2,258,2.9,1,0,1,1,0,0,0,0,0.3,England Premier League,2022-2023
471,Marcos Senesi,ARG,DF,Bournemouth,25,1997,31,29,2491,27.7,2,0,2,2,0,0,7,0,1.6,England Premier League,2022-2023
472,Ryan Sessegnon,ENG,DF,Tottenham,22,2000,17,9,813,9.0,2,0,2,2,0,0,4,0,1.6,England Premier League,2022-2023
473,Luke Shaw,ENG,DF,Manchester Utd,27,1995,31,30,2552,28.4,1,2,3,1,0,0,8,0,1.1,England Premier League,2022-2023
474,Jonjo Shelvey,ENG,MF,Newcastle Utd,30,1992,3,0,37,0.4,0,0,0,0,0,0,0,0,0.0,England Premier League,2022-2023
475,Jonjo Shelvey,ENG,MF,Nott'ham Forest,30,1992,8,6,540,6.0,0,0,0,0,0,0,2,0,0.2,England Premier League,2022-2023
476,Bernardo Silva,POR,"MF,FW",Manchester City,27,1994,34,24,2205,24.5,4,5,9,4,0,0,5,0,2.2,England Premier League,2022-2023
477,Thiago Silva,BRA,DF,Chelsea,37,1984,27,26,2352,26.1,0,2,2,0,0,0,2,0,1.5,England Premier League,2022-2023
478,Ellis Simms,ENG,FW,Everton,21,2001,11,2,228,2.5,1,0,1,1,0,0,0,0,0.9,England Premier League,2022-2023
479,Luis Sinisterra,COL,FW,Leeds United,23,1999,19,13,867,9.6,5,0,5,5,0,0,3,1,3.7,England Premier League,2022-2023
480,Oliver Skipp,ENG,MF,Tottenham,21,2000,23,18,1491,16.6,1,0,1,1,0,0,7,0,0.3,England Premier League,2022-2023
481,Adam Smith,ENG,DF,Bournemouth,31,1991,37,34,2943,32.7,0,1,1,0,0,0,11,0,0.5,England Premier League,2022-2023
482,Emile Smith Rowe,ENG,"MF,FW",Arsenal,22,2000,12,0,172,1.9,0,2,2,0,0,0,0,0,0.3,England Premier League,2022-2023
483,Cedric Soares,POR,DF,Arsenal,30,1991,2,0,29,0.3,0,0,0,0,0,0,0,0,0.0,England Premier League,2022-2023
484,Cedric Soares,POR,DF,Fulham,30,1991,6,2,198,2.2,0,0,0,0,0,0,0,0,0.1,England Premier League,2022-2023
485,Dominic Solanke,ENG,"FW,MF",Bournemouth,24,1997,33,32,2860,31.8,6,7,13,6,0,0,2,0,9.1,England Premier League,2022-2023
486,Manor Solomon,ISR,FW,Fulham,23,1999,19,4,572,6.4,4,0,4,4,0,0,0,0,1.2,England Premier League,2022-2023
487,Tomas Soucek,CZE,MF,West Ham,27,1995,36,32,2815,31.3,2,3,5,2,0,0,3,0,4.0,England Premier League,2022-2023
488,Boubakary Soumare,FRA,MF,Leicester City,23,1999,26,20,1629,18.1,0,0,0,0,0,0,9,0,0.0,England Premier League,2022-2023
489,Harry Souttar,AUS,DF,Leicester City,23,1998,12,11,992,11.0,0,1,1,0,0,0,2,0,1.4,England Premier League,2022-2023
490,Caglar Soyuncu,TUR,DF,Leicester City,26,1996,7,6,529,5.9,1,0,1,1,0,0,2,0,0.4,England Premier League,2022-2023
491,Djed Spence,ENG,"FW,DF",Tottenham,21,2000,4,0,7,0.1,0,0,0,0,0,0,0,0,0.1,England Premier League,2022-2023
492,Jack Stacey,ENG,DF,Bournemouth,26,1996,10,3,299,3.3,0,0,0,0,0,0,2,0,0.1,England Premier League,2022-2023
493,Junior Stanislas,ENG,MF,Bournemouth,32,1989,4,0,61,0.7,0,0,0,0,0,0,0,0,0.0,England Premier League,2022-2023
494,Jay Stansfield,ENG,FW,Fulham,19,2002,3,1,87,1.0,0,0,0,0,0,0,0,0,0.3,England Premier League,2022-2023
495,Jason Steele,ENG,GK,Brighton,31,1990,15,15,1350,15.0,0,1,1,0,0,0,1,0,0.0,England Premier League,2022-2023
496,Jack Stephens,ENG,DF,Southampton,28,1994,2,0,46,0.5,0,0,0,0,0,0,0,0,0.0,England Premier League,2022-2023
497,Jack Stephens,ENG,DF,Bournemouth,28,1994,15,13,1173,13.0,0,0,0,0,0,0,3,0,0.4,England Premier League,2022-2023
498,Raheem Sterling,ENG,"FW,MF",Chelsea,27,1994,28,23,1891,21.0,6,3,9,6,0,0,4,0,6.2,England Premier League,2022-2023
499,John Stones,ENG,"DF,MF",Manchester City,28,1994,23,21,1846,20.5,2,2,4,2,0,0,2,0,1.0,England Premier League,2022-2023
500,Pascal Struijk,NED,DF,Leeds United,22,1999,29,26,2200,24.4,2,1,3,2,0,0,5,0,1.4,England Premier League,2022-2023
501,Kamaldeen Sulemana,GHA,"FW,MF",Southampton,20,2002,18,10,966,10.7,2,1,3,2,0,0,1,0,1.7,England Premier League,2022-2023
502,Crysencio Summerville,NED,FW,Leeds United,20,2001,28,12,1426,15.8,4,2,6,4,0,0,4,0,2.9,England Premier League,2022-2023
503,Sam Surridge,ENG,FW,Nott'ham Forest,24,1998,20,1,323,3.6,1,0,1,1,0,0,2,0,1.8,England Premier League,2022-2023
504,Japhet Tanganga,ENG,DF,Tottenham,23,1999,4,2,146,1.6,0,0,0,0,0,0,0,0,0.0,England Premier League,2022-2023
505,Matt Targett,ENG,DF,Newcastle Utd,26,1995,17,6,610,6.8,0,0,0,0,0,0,1,0,0.0,England Premier League,2022-2023
506,James Tarkowski,ENG,DF,Everton,29,1992,38,38,3420,38.0,1,1,2,1,0,0,6,0,3.1,England Premier League,2022-2023
507,Marcus Tavernier,ENG,"MF,FW",Bournemouth,23,1999,23,19,1743,19.4,5,4,9,5,0,0,1,0,3.1,England Premier League,2022-2023
508,Tete,BRA,FW,Leicester City,22,2000,13,9,734,8.2,1,0,1,1,0,0,0,0,1.8,England Premier League,2022-2023
509,Kenny Tete,NED,DF,Fulham,26,1995,31,29,2569,28.5,1,5,6,1,0,0,8,0,0.7,England Premier League,2022-2023
510,Luke Thomas,ENG,DF,Leicester City,21,2001,17,11,1073,11.9,0,0,0,0,0,0,3,0,0.1,England Premier League,2022-2023
511,Youri Tielemans,BEL,MF,Leicester City,25,1997,31,27,2344,26.0,3,2,5,2,1,2,4,0,2.5,England Premier League,2022-2023
512,Kieran Tierney,SCO,DF,Arsenal,25,1997,27,6,795,8.8,0,1,1,0,0,0,0,0,0.3,England Premier League,2022-2023
513,Harry Toffolo,ENG,DF,Nott'ham Forest,26,1995,19,9,940,10.4,0,0,0,0,0,0,2,0,0.3,England Premier League,2022-2023
514,Takehiro Tomiyasu,JPN,DF,Arsenal,23,1998,21,6,663,7.4,0,1,1,0,0,0,2,0,0.2,England Premier League,2022-2023
515,James Tomkins,ENG,DF,Crystal Palace,33,1989,6,3,338,3.8,1,0,1,1,0,0,3,1,1.0,England Premier League,2022-2023
516,Ivan Toney,ENG,FW,Brentford,26,1996,33,33,2951,32.8,20,4,24,14,6,7,9,0,18.7,England Premier League,2022-2023
517,Adama Traore,ESP,"FW,MF",Wolves,26,1996,34,12,1496,16.6,2,1,3,2,0,0,2,0,1.4,England Premier League,2022-2023
518,Bertrand Traore,BFA,"FW,MF",Aston Villa,26,1995,8,1,233,2.6,2,0,2,2,0,0,1,0,0.7,England Premier League,2022-2023
519,Boubacar Traore,MLI,MF,Wolves,20,2001,10,4,411,4.6,0,1,1,0,0,0,2,0,0.1,England Premier League,2022-2023
520,Mark Travers,IRL,GK,Bournemouth,23,1999,12,11,1035,11.5,0,0,0,0,0,0,0,0,0.0,England Premier League,2022-2023
521,Kieran Trippier,ENG,DF,Newcastle Utd,31,1990,38,38,3341,37.1,1,7,8,1,0,0,5,0,0.9,England Premier League,2022-2023
522,Leandro Trossard,BEL,FW,Arsenal,27,1994,20,10,931,10.3,1,10,11,1,0,0,0,0,1.8,England Premier League,2022-2023
523,Leandro Trossard,BEL,"FW,MF",Brighton,27,1994,16,16,1315,14.6,7,2,9,7,0,0,1,0,4.4,England Premier League,2022-2023
524,Kostas Tsimikas,GRE,DF,Liverpool,26,1996,20,9,771,8.6,0,4,4,0,0,0,3,0,0.6,England Premier League,2022-2023
525,Deniz Undav,GER,"FW,MF",Brighton,26,1996,22,6,628,7.0,5,0,5,5,0,0,2,0,4.5,England Premier League,2022-2023
526,Yan Valery,TUN,DF,Southampton,23,1999,1,1,45,0.5,0,0,0,0,0,0,0,0,0.0,England Premier League,2022-2023
527,Virgil van Dijk,NED,DF,Liverpool,31,1991,32,32,2835,31.5,3,1,4,3,0,0,3,0,2.6,England Premier League,2022-2023
528,Raphael Varane,FRA,DF,Manchester Utd,29,1993,24,22,1911,21.2,0,0,0,0,0,0,1,0,0.7,England Premier League,2022-2023
529,Jamie Vardy,ENG,FW,Leicester City,35,1987,37,19,1857,20.6,3,4,7,3,0,1,1,0,6.7,England Premier League,2022-2023
530,Joel Veltman,NED,DF,Brighton,30,1992,31,25,2188,24.3,1,1,2,1,0,0,6,0,1.8,England Premier League,2022-2023
531,Fabio Vieira,POR,"MF,FW",Arsenal,22,2000,22,3,514,5.7,1,2,3,1,0,0,0,0,0.8,England Premier League,2022-2023
532,Matias Vina,URU,DF,Bournemouth,24,1997,12,5,458,5.1,2,0,2,2,0,0,1,0,0.9,England Premier League,2022-2023
533,Ruben Vinagre,POR,"DF,MF",Everton,23,1999,2,0,26,0.3,0,0,0,0,0,0,0,0,0.0,England Premier League,2022-2023
534,Carlos Vinicius,BRA,FW,Fulham,27,1995,28,11,1109,12.3,5,2,7,5,0,0,3,0,3.3,England Premier League,2022-2023
535,Theo Walcott,ENG,"FW,MF",Southampton,33,1989,20,13,1129,12.5,2,2,4,2,0,0,1,0,2.2,England Premier League,2022-2023
536,Kyle Walker,ENG,DF,Manchester City,32,1990,27,22,1958,21.8,0,0,0,0,0,0,3,0,0.4,England Premier League,2022-2023
537,Kyle Walker-Peters,ENG,DF,Southampton,25,1997,31,30,2650,29.4,1,0,1,1,0,0,4,0,1.0,England Premier League,2022-2023
538,Aaron Wan-Bissaka,ENG,DF,Manchester Utd,24,1997,19,16,1435,15.9,0,0,0,0,0,0,2,0,1.2,England Premier League,2022-2023
539,Danny Ward,WAL,GK,Leicester City,29,1993,26,26,2340,26.0,0,0,0,0,0,0,0,0,0.0,England Premier League,2022-2023
540,Joel Ward,ENG,DF,Crystal Palace,32,1989,28,24,2256,25.1,1,0,1,1,0,0,6,0,1.1,England Premier League,2022-2023
541,James Ward-Prowse,ENG,MF,Southampton,27,1994,38,38,3371,37.5,9,4,13,7,2,4,6,0,5.7,England Premier League,2022-2023
542,Ollie Watkins,ENG,FW,Aston Villa,26,1995,37,36,3127,34.7,15,6,21,14,1,2,4,0,16.5,England Premier League,2022-2023
543,Adam Webster,ENG,DF,Brighton,27,1995,27,23,1985,22.1,0,0,0,0,0,0,2,0,1.8,England Premier League,2022-2023
544,Wout Weghorst,NED,"FW,MF",Manchester Utd,29,1992,17,10,797,8.9,0,1,1,0,0,0,1,0,2.0,England Premier League,2022-2023
545,Danny Welbeck,ENG,FW,Brighton,31,1990,31,21,1854,20.6,6,3,9,6,0,0,0,0,9.4,England Premier League,2022-2023
546,Ben White,ENG,DF,Arsenal,24,1997,38,36,3055,33.9,2,5,7,2,0,0,5,0,1.3,England Premier League,2022-2023
547,Harvey White,ENG,MF,Tottenham,20,2001,1,0,5,0.1,0,0,0,0,0,0,0,0,0.0,England Premier League,2022-2023
548,Joseph Whitworth,ENG,GK,Crystal Palace,18,2004,2,2,180,2.0,0,0,0,0,0,0,0,0,0.0,England Premier League,2022-2023
549,Neco Williams,WAL,DF,Nott'ham Forest,21,2001,31,20,1882,20.9,1,0,1,1,0,0,7,0,1.3,England Premier League,2022-2023
550,Willian,BRA,FW,Fulham,33,1988,27,25,2126,23.6,5,5,10,5,0,0,2,0,3.4,England Premier League,2022-2023
551,Joe Willock,ENG,MF,Newcastle Utd,22,1999,35,31,2558,28.4,3,6,9,3,0,0,1,0,7.0,England Premier League,2022-2023
552,Callum Wilson,ENG,FW,Newcastle Utd,30,1992,31,21,1877,20.9,18,5,23,15,3,3,4,0,17.5,England Premier League,2022-2023
553,Harry Wilson,WAL,FW,Fulham,25,1997,29,13,1100,12.2,2,3,5,2,0,0,1,0,2.0,England Premier League,2022-2023
554,Yoane Wissa,COD,FW,Brentford,25,1996,38,16,1606,17.8,7,3,10,7,0,0,3,0,5.6,England Premier League,2022-2023
555,Maximilian Wober,AUT,DF,Leeds United,24,1998,16,14,1266,14.1,0,0,0,0,0,0,3,0,0.7,England Premier League,2022-2023
556,Chris Wood,NZL,FW,Newcastle Utd,30,1991,18,4,446,5.0,2,0,2,1,1,1,0,0,1.8,England Premier League,2022-2023
557,Chris Wood,NZL,FW,Nott'ham Forest,30,1991,7,5,372,4.1,1,0,1,1,0,0,0,0,1.0,England Premier League,2022-2023
558,Joe Worrall,ENG,DF,Nott'ham Forest,25,1997,30,21,2224,24.7,1,0,1,1,0,0,6,0,0.8,England Premier League,2022-2023
559,Granit Xhaka,SUI,MF,Arsenal,29,1992,37,36,2993,33.3,7,7,14,7,0,0,4,0,4.7,England Premier League,2022-2023
560,Ryan Yates,ENG,MF,Nott'ham Forest,24,1997,26,21,1837,20.4,0,2,2,0,0,0,5,0,2.3,England Premier League,2022-2023
561,Ashley Young,ENG,DF,Aston Villa,37,1985,29,23,2036,22.6,1,0,1,1,0,0,7,0,0.5,England Premier League,2022-2023
562,Illia Zabarnyi,UKR,DF,Bournemouth,19,2002,5,3,299,3.3,0,0,0,0,0,0,0,0,0.0,England Premier League,2022-2023
563,Wilfried Zaha,CIV,"FW,MF",Crystal Palace,29,1992,27,27,2288,25.4,7,2,9,7,0,2,5,0,6.5,England Premier League,2022-2023
564,Denis Zakaria,SUI,MF,Chelsea,25,1996,7,5,411,4.6,0,0,0,0,0,0,0,0,0.2,England Premier League,2022-2023
565,Jordan Zemura,ZIM,DF,Bournemouth,22,1999,19,17,1454,16.2,0,1,1,0,0,0,1,0,0.4,England Premier League,2022-2023
566,Oleksandr Zinchenko,UKR,DF,Arsenal,25,1996,27,26,2118,23.5,1,2,3,1,0,0,3,0,1.4,England Premier League,2022-2023
567,Hakim Ziyech,MAR,"FW,MF",Chelsea,29,1993,18,6,661,7.3,0,3,3,0,0,0,1,0,0.6,England Premier League,2022-2023
568,Kurt Zouma,FRA,DF,West Ham,27,1994,25,24,1989,22.1,2,0,2,2,0,0,0,0,2.2,England Premier League,2022-2023
569,Martin Odegaard,NOR,MF,Arsenal,23,1998,37,37,3127,34.7,15,7,22,15,0,0,4,0,10.0,England Premier League,2022-2023
